Workbook

Sheet Pole Table
A1: POLE AND STAY SET SCHEDULE - BAHUNDANDA SOUTH SPUR
A2: Allowance for sag, jumpers and wastage (x distance): | F2: 1.1 | G2: template convention (+10 %); distances are already measured along slope
A4: Node name | C4: Reach name | D4: Phase | E4: Distance (km) | F4: Distance (m) | G4: Distance with sag (m) | H4: Number of poles | I4: Stay sets | J4: No. of wires | K4: Conductor length with sag (m) | L4: Pole type
A5: From | B5: To
A6: HT00 | B6: T1 | C6: HT00-T1 | D6: 3 (11 kV) | E6: =F6/1000 -> 0.269 | F6: 269 | G6: =F6*$F$2 -> 295.9 | H6: =SUMIF('Pole List'!$B$4:$B$62,C6,'Pole List'!$D$4:$D$62) -> 5 | I6: =SUMIF('Pole List'!$B$4:$B$62,C6,'Pole List'!$G$4:$G$62) -> 3 | J6: 3 | K6: =G6*J6 -> 887.7 | L6: 11 m STP
A7: T1 | B7: T1 | C7: T1 structure | D7: 3 (11 kV) | E7: =F7/1000 -> 0 | F7: 0 | G7: =F7*$F$2 -> 0 | H7: =SUMIF('Pole List'!$B$4:$B$62,C7,'Pole List'!$D$4:$D$62) -> 2 | I7: =SUMIF('Pole List'!$B$4:$B$62,C7,'Pole List'!$G$4:$G$62) -> 1 | J7: 0 | K7: =G7*J7 -> 0 | L7: 11 m STP x 2 (DP)
A8: T1 | B8: A08 | C8: T1-A08 | D8: 2 (y,b) | E8: =F8/1000 -> 0.264 | F8: 264 | G8: =F8*$F$2 -> 290.4 | H8: =SUMIF('Pole List'!$B$4:$B$62,C8,'Pole List'!$D$4:$D$62) -> 8 | I8: =SUMIF('Pole List'!$B$4:$B$62,C8,'Pole List'!$G$4:$G$62) -> 7 | J8: 3 | K8: =G8*J8 -> 871.2 | L8: 8 m STP
A9: A08 | B9: A105 | C9: A08-A105 | D9: 1 (b) | E9: =F9/1000 -> 0.131 | F9: 131 | G9: =F9*$F$2 -> 144.1 | H9: =SUMIF('Pole List'!$B$4:$B$62,C9,'Pole List'!$D$4:$D$62) -> 5 | I9: =SUMIF('Pole List'!$B$4:$B$62,C9,'Pole List'!$G$4:$G$62) -> 4 | J9: 2 | K9: =G9*J9 -> 288.2 | L9: 8 m STP
A10: A08 | B10: A207 | C10: A08-A207 | D10: 1 (y) | E10: =F10/1000 -> 0.2 | F10: 200 | G10: =F10*$F$2 -> 220 | H10: =SUMIF('Pole List'!$B$4:$B$62,C10,'Pole List'!$D$4:$D$62) -> 7 | I10: =SUMIF('Pole List'!$B$4:$B$62,C10,'Pole List'!$G$4:$G$62) -> 6 | J10: 2 | K10: =G10*J10 -> 440 | L10: 8 m STP
A11: T1 | B11: B07 | C11: T1-B07 | D11: 1 (b) | E11: =F11/1000 -> 0.164 | F11: 164 | G11: =F11*$F$2 -> 180.4 | H11: =SUMIF('Pole List'!$B$4:$B$62,C11,'Pole List'!$D$4:$D$62) -> 7 | I11: =SUMIF('Pole List'!$B$4:$B$62,C11,'Pole List'!$G$4:$G$62) -> 5 | J11: 2 | K11: =G11*J11 -> 360.8 | L11: 8 m STP
A12: T1 | B12: C07 | C12: T1-C07 | D12: 1 (r) | E12: =F12/1000 -> 0.148 | F12: 148 | G12: =F12*$F$2 -> 162.8 | H12: =SUMIF('Pole List'!$B$4:$B$62,C12,'Pole List'!$D$4:$D$62) -> 7 | I12: =SUMIF('Pole List'!$B$4:$B$62,C12,'Pole List'!$G$4:$G$62) -> 5 | J12: 2 | K12: =G12*J12 -> 325.6 | L12: 8 m STP
A13: C01 | B13: C104 | C13: C01-C104 | D13: 1 (r) | E13: =F13/1000 -> 0.107 | F13: 107 | G13: =F13*$F$2 -> 117.7 | H13: =SUMIF('Pole List'!$B$4:$B$62,C13,'Pole List'!$D$4:$D$62) -> 4 | I13: =SUMIF('Pole List'!$B$4:$B$62,C13,'Pole List'!$G$4:$G$62) -> 3 | J13: 2 | K13: =G13*J13 -> 235.4 | L13: 8 m STP
A14: T1 | B14: D06 | C14: T1-D06 | D14: 2 (r,y) | E14: =F14/1000 -> 0.191 | F14: 191 | G14: =F14*$F$2 -> 210.1 | H14: =SUMIF('Pole List'!$B$4:$B$62,C14,'Pole List'!$D$4:$D$62) -> 6 | I14: =SUMIF('Pole List'!$B$4:$B$62,C14,'Pole List'!$G$4:$G$62) -> 1 | J14: 3 | K14: =G14*J14 -> 630.3 | L14: 8 m STP
A15: D06 | B15: D104 | C15: D06-D104 | D15: 1 (r) | E15: =F15/1000 -> 0.116 | F15: 116 | G15: =F15*$F$2 -> 127.6 | H15: =SUMIF('Pole List'!$B$4:$B$62,C15,'Pole List'!$D$4:$D$62) -> 4 | I15: =SUMIF('Pole List'!$B$4:$B$62,C15,'Pole List'!$G$4:$G$62) -> 3 | J15: 2 | K15: =G15*J15 -> 255.2 | L15: 8 m STP
A16: D06 | B16: D204 | C16: D06-D204 | D16: 1 (y) | E16: =F16/1000 -> 0.127 | F16: 127 | G16: =F16*$F$2 -> 139.7 | H16: =SUMIF('Pole List'!$B$4:$B$62,C16,'Pole List'!$D$4:$D$62) -> 4 | I16: =SUMIF('Pole List'!$B$4:$B$62,C16,'Pole List'!$G$4:$G$62) -> 3 | J16: 2 | K16: =G16*J16 -> 279.4 | L16: 8 m STP
A17: D202 | B17: D301 | C17: D202-D301 | D17: 1 (y) | E17: =F17/1000 -> 0.033 | F17: 33 | G17: =F17*$F$2 -> 36.3 | H17: =SUMIF('Pole List'!$B$4:$B$62,C17,'Pole List'!$D$4:$D$62) -> 1 | I17: =SUMIF('Pole List'!$B$4:$B$62,C17,'Pole List'!$G$4:$G$62) -> 1 | J17: 2 | K17: =G17*J17 -> 72.6 | L17: 8 m STP
A19: Total | E19: =SUM(E6:E17) -> 1.75 | F19: =SUM(F6:F17) -> 1750 | G19: =SUM(G6:G17) -> 1925 | H19: =SUM(H6:H17) -> 60 | I19: =SUM(I6:I17) -> 42 | K19: =SUM(K6:K17) -> 4646.4
A20: Total 11 kV (line + T1 structure) | E20: =SUMIF($D$6:$D$17,"3*",E6:E17) -> 0.269 | F20: =SUMIF($D$6:$D$17,"3*",F6:F17) -> 269 | G20: =SUMIF($D$6:$D$17,"3*",G6:G17) -> 295.9 | H20: =SUMIF($D$6:$D$17,"3*",H6:H17) -> 7 | I20: =SUMIF($D$6:$D$17,"3*",I6:I17) -> 4 | K20: =SUMIF($D$6:$D$17,"3*",K6:K17) -> 887.7
A21: Total LV two-phase | E21: =SUMIF($D$6:$D$17,"2*",E6:E17) -> 0.455 | F21: =SUMIF($D$6:$D$17,"2*",F6:F17) -> 455 | G21: =SUMIF($D$6:$D$17,"2*",G6:G17) -> 500.5 | H21: =SUMIF($D$6:$D$17,"2*",H6:H17) -> 14 | I21: =SUMIF($D$6:$D$17,"2*",I6:I17) -> 8 | K21: =SUMIF($D$6:$D$17,"2*",K6:K17) -> 1501.5
A22: Total LV single-phase | E22: =SUMIF($D$6:$D$17,"1*",E6:E17) -> 1.026 | F22: =SUMIF($D$6:$D$17,"1*",F6:F17) -> 1026 | G22: =SUMIF($D$6:$D$17,"1*",G6:G17) -> 1128.6 | H22: =SUMIF($D$6:$D$17,"1*",H6:H17) -> 39 | I22: =SUMIF($D$6:$D$17,"1*",I6:I17) -> 30 | K22: =SUMIF($D$6:$D$17,"1*",K6:K17) -> 2257.2
A23: Total LV (2-phase + 1-phase) | E23: =E21+E22 -> 1.481 | F23: =F21+F22 -> 1481 | G23: =G21+G22 -> 1629.1 | H23: =H21+H22 -> 53 | I23: =I21+I22 -> 38 | K23: =K21+K22 -> 3758.7
A24: Check: totals vs sheet "Pole List" | H24: =IF(H19='Pole List'!D63,"OK","CHECK") -> OK | I24: =IF(I19='Pole List'!G63,"OK","CHECK") -> OK
A26: Steel tubular poles (STP) shall be used: 11 m for the 11 kV line and the T1 structure, 8 m for LV lines.
A28: Notes
A29: 1. Distance = route length along slope from the desktop survey (same as on the SLD).
A30: 2. Number of poles in a reach = new poles after its start node up to and including its end node; the start node is counted in the upstream reach, so no pole is counted twice.
A31: 3. Stay sets follow the survey rule (see sheet "Pole List"); each pole is listed there with its function, stay sets, coordinates and elevation.
A32: 4. Wires: 11 kV three-phase = 3; LV two-phase = 3 (2 phases + neutral); LV single-phase = 2 (phase + neutral). Conductor size is fixed in the voltage-drop design.
A33: 5. Blue = survey input; black = formula; green = taken from sheet "Pole List"; yellow = assumption you can change.

Sheet Pole List
A1: POLE LIST
A3: Pole ID | B3: Reach | C3: Line | D3: Poles (nos) | E3: Pole height (m) | F3: Line deviation (deg) | G3: Stay sets
A4: HT00 | B4: HT00-T1 | C4: 11 kV | D4: 1 | E4: 11 | F4: 0 | G4: 1
A5: HT01 | B5: HT00-T1 | C5: 11 kV | D5: 1 | E5: 11 | F5: 41 | G5: 1
A6: HT02 | B6: HT00-T1 | C6: 11 kV | D6: 1 | E6: 11 | F6: 6 | G6: 0
A7: HT03 | B7: HT00-T1 | C7: 11 kV | D7: 1 | E7: 11 | F7: 2 | G7: 0
A8: HT04 | B8: HT00-T1 | C8: 11 kV | D8: 1 | E8: 11 | F8: 31 | G8: 1
A9: T1 | B9: T1 structure | C9: 11 kV / transformer | D9: 2 | E9: 11 | F9: 0 | G9: 1
A10: A01 | B10: T1-A08 | C10: LV | D10: 1 | E10: 8 | F10: 0 | G10: 0
A11: A02 | B11: T1-A08 | C11: LV | D11: 1 | E11: 8 | F11: 6 | G11: 0
A12: A03 | B12: T1-A08 | C12: LV | D12: 1 | E12: 8 | F12: 23 | G12: 1
A13: A04 | B13: T1-A08 | C13: LV | D13: 1 | E13: 8 | F13: 32 | G13: 1
A14: A05 | B14: T1-A08 | C14: LV | D14: 1 | E14: 8 | F14: 42 | G14: 1
A15: A06 | B15: T1-A08 | C15: LV | D15: 1 | E15: 8 | F15: 58 | G15: 1
... A62: D301 | B62: D202-D301 | C62: LV | D62: 1 | E62: 8 | F62: 0 | G62: 1
A63: Total | D63: =SUM(D4:D62) -> 60 | G63: =SUM(G4:G62) -> 42
A65: Stay-set rule: 1 at each dead-end, 1 per tee-off branch, 1 at angles 10-60 deg, 2 at angles > 60 deg; HT tap-off and HT terminal (T1) 1 each.
